{
  "metobolic_fitness": 0.3666195615022976,
  "muscle_endurance": 0.33620583641928914,
  "muscle_power": 0.5465048740407876
}